Code,Course,Activity,Section,Days,Start Time,End Time,Venue,Tied To,Lecturer
LMPU3192,Falsafah dan Isu Semasa,Lecture,FCI1,Thursday,10:00 AM,12:00 PM,CNMX1001,,Hazamza'Em Husin
LDCW6123,Fundamentals of Digital Competence for Programmers,Lecture,FCI1,Monday,3:00 PM,6:00 PM,CQCR2002,FCIA,Siti Fazariah Hashim
LDCW6123,Fundamentals of Digital Competence for Programmers,Tutorial,FCIA,Monday,5:00 PM,6:00 PM,CQCR2002,FCI1,Siti Fazariah Hashim
LDCW6123,Fundamentals of Digital Competence for Programmers,Lecture,FCI2,Friday,9:00 AM,12:00 PM,CQCR2002,FCIB,Siti Fazariah Hashim
LDCW6123,Fundamentals of Digital Competence for Programmers,Tutorial,FCIB,Friday,11:00 AM,12:00 PM,CQCR2002,FCI2,Siti Fazariah Hashim
LMPU3212,Bahasa Kebangsaan A,Lecture,FCI1,Tuesday,4:00 PM,6:00 PM,CQMX0001,,Yong Chyn Chye
LMPU3272,Japanese for Beginners,Lecture,FCI1,Tuesday,12:00 PM,2:00 PM,CQAR0006,,Fu Yonghong
LMPU3282,Korean for Beginners,Lecture,FCI1,Tuesday,12:00 PM,2:00 PM,CLCR1025,,Kim Mihyang
LMPU3232,French for Beginners,Lecture,FCI1,Monday,12:00 PM,2:00 PM,CLCR1025,,Julien Pierre Bigot
LMPU3182,Penghayatan Etika dan Peradaban,Lecture,FCI1,Tuesday,3:00 PM,5:00 PM,CQAR1009,,Muhammad Effendi Ismail
LMPU3142,Bahasa Melayu Komunikasi 2,Lecture,FCI1,Friday,3:00 PM,5:00 PM,CLCR1025,,Mohd Izwardi Mohd Yusoff
LMPU3213,Bahasa Kebangsaan A,Lecture,FCI1,Wednesday,8:00 AM,11:00 AM,CQMX0001,,Yong Chyn Chye
LMPU3123,Tamadun Islam dan Tamadun Asia,Lecture,FCI1,Friday,3:00 PM,6:00 PM,CQCR2004,,Hazamza'Em Husin
LMPU3323,Introduction to Multicultural Studies in Malaysia,Lecture,FCI1,Thursday,2:00 PM,5:00 PM,CLBR1022,,Nilofar Ahmad Kamil
LMPU3113,Hubungan Etnik,Lecture,FCI1,Friday,9:00 AM,12:00 PM,CLBR1021,,Zakiah Manjanib @ Munjanib
LMPU3173,Pengajian Malaysia 3,Lecture,FCI1,Friday,9:00 AM,12:00 PM,CLCR3045,,Hazamza'Em Husin
CMA6114,Calculus,Lecture,TC1L,Monday,10:00 AM,12:00 PM,CNMX1004,"TT1L, TT2L, TT3L, TT4L",Shahbe Mat Desa
CMA6114,Calculus,Lecture,TC1L,Thursday,8:00 AM,9:00 AM,FCIV0002,"TT1L, TT2L, TT3L, TT4L",Shahbe Mat Desa
CMA6114,Calculus,Tutorial,TT1L,Wednesday,2:00 PM,4:00 PM,CQCR2004,TC1L,Shahbe Mat Desa
CMA6114,Calculus,Tutorial,TT2L,Friday,10:00 AM,12:00 PM,CQCR2001,TC1L,Shahbe Mat Desa
CMA6114,Calculus,Tutorial,TT3L,Tuesday,12:00 PM,2:00 PM,CQCR2004,TC1L,Shahbe Mat Desa
CMA6114,Calculus,Tutorial,TT4L,Wednesday,10:00 AM,12:00 PM,CQCR2001,TC1L,Shahbe Mat Desa
CMA6114,Calculus,Lecture,TC2L,Tuesday,10:00 AM,12:00 PM,CQAR1009,"TT5L, TT6L, TT7L",Yoong Yih Jian
CMA6114,Calculus,Lecture,TC2L,Monday,4:00 PM,5:00 PM,FCIV0002,"TT5L, TT6L, TT7L",Yoong Yih Jian
CMA6114,Calculus,Tutorial,TT5L,Thursday,8:00 AM,10:00 AM,CQCR2002,TC2L,Yoong Yih Jian
CMA6114,Calculus,Tutorial,TT6L,Monday,8:00 AM,10:00 AM,CQCR2001,TC2L,Yoong Yih Jian
CMA6114,Calculus,Tutorial,TT7L,Thursday,12:00 PM,2:00 PM,CQCR2001,TC2L,Yoong Yih Jian
CMA6114,Calculus,Lecture,TC3L,Monday,10:00 AM,12:00 PM,CQCR2004,TT8L,Nashreen Hilman
CMA6114,Calculus,Lecture,TC3L,Thursday,8:00 AM,9:00 PM,CQCR2004,TT8L,Nashreen Hilman
CMA6114,Calculus,Tutorial,TT8L,Wednesday,2:00 PM,4:00 PM,CQCR2003,TC3L,Nashreen Hilman
CCP6114,Programming Fundamentals,Lecture,TC1L,Monday,2:00 PM,5:00 PM,CNMX1004,"TT1L, TT2L, TT3L, TT4L",Sharaf El-Deen Sami Mohammed Al-Horani
CCP6114,Programming Fundamentals,Tutorial,TT1L,Thursday,12:00 PM,2:00 PM,CQAR2002,TC1L,Sharaf El-Deen Sami Mohammed Al-Horani
CCP6114,Programming Fundamentals,Tutorial,TT2L,Tuesday,12:00 PM,2:00 PM,CQAR2002,TC1L,Sharaf El-Deen Sami Mohammed Al-Horani
CCP6114,Programming Fundamentals,Tutorial,TT3L,Wednesday,2:00 PM,4:00 PM,CQAR2002,TC1L,Sharaf El-Deen Sami Mohammed Al-Horani
CCP6114,Programming Fundamentals,Tutorial,TT4L,Thursday,2:00 PM,4:00 PM,CQAR2002,TC1L,Sharaf El-Deen Sami Mohammed Al-Horani
CCP6114,Programming Fundamentals,Tutorial,TC2L,Wednesday,9:00 AM,11:00 AM,CQAR2003,"TT5L, TT6L",Sharaf El-Deen Sami Mohammed Al-Horani
CCP6114,Programming Fundamentals,Tutorial,TT5L,Monday,8:00 AM,10:00 AM,CQAR2002,TC2L,Sharaf El-Deen Sami Mohammed Al-Horani
CCP6114,Programming Fundamentals,Tutorial,TT6L,Tuesday,2:00 PM,4:00 PM,CQAR2002,TC2L,Sharaf El-Deen Sami Mohammed Al-Horani
CMA6124,Discrete Structures And Probability,Lecture,TC1L,Wednesday,8:00 AM,10:00 AM,CNMX1004,"TT1L, TT2L, TT3L, TT4L",Suhailah Fauzi
CMA6124,Discrete Structures And Probability,Lecture,TC1L,Thursday,9:00 AM,10:00 AM,FCIV0001,"TT1L, TT2L, TT3L, TT4L",Suhailah Fauzi
CMA6124,Discrete Structures And Probability,Tutorial,TT1L,Thursday,2:00 PM,4:00 PM,CQCR2001,TC1L,Suhailah Fauzi
CMA6124,Discrete Structures And Probability,Tutorial,TT2L,Thursday,12:00 PM,2:00 PM,CQCR2002,TC1L,Suhailah Fauzi
CMA6124,Discrete Structures And Probability,Tutorial,TT3L,Friday,10:00 AM,12:00 PM,CQCR2003,TC1L,Suhailah Fauzi
CMA6124,Discrete Structures And Probability,Tutorial,TT4L,Tuesday,4:00 PM,6:00 PM,CQCR2001,TC1L,Suhailah Fauzi
CMA6124,Discrete Structures And Probability,Lecture,TC2L,Wednesday,2:00 PM,4:00 PM,CQAR1009,"TT5L, TT6L, TT7L",Algalal Sabaa Ahmed Yahya
CMA6124,Discrete Structures And Probability,Lecture,TC2L,Tuesday,8:00 AM,9:00 AM,FCIV0003,"TT5L, TT6L, TT7L",Algalal Sabaa Ahmed Yahya
CMA6124,Discrete Structures And Probability,Tutorial,TT5L,Thursday,10:00 AM,12:00 PM,CQCR2001,TC2L,Algalal Sabaa Ahmed Yahya
CMA6124,Discrete Structures And Probability,Tutorial,TT6L,Wednesday,10:00 AM,12:00 PM,CQCR2004,TC2L,Algalal Sabaa Ahmed Yahya
CMA6124,Discrete Structures And Probability,Tutorial,TT7L,Wednesday,12:00 PM,2:00 PM,CQCR2003,TC2L,Algalal Sabaa Ahmed Yahya
CSN6114,Computer Architecture and Organization,Lecture,TC1L,Wednesday,12:00 PM,2:00 PM,CNMX1004,"TT1L, TT2L, TT3L, TT4L",Tan Saw Chin
CSN6114,Computer Architecture and Organization,Lecture,TC1L,Friday,11:00 AM,12:00 PM,FCIV0002,"TT1L, TT2L, TT3L, TT4L",Tan Saw Chin
CSN6114,Computer Architecture and Organization,Tutorial,TT1L,Tuesday,4:00 PM,6:00 PM,CQAR3005,TC1L,Tan Saw Chin
CSN6114,Computer Architecture and Organization,Tutorial,TT2L,Friday,3:00 PM,5:00 PM,CQAR3005,TC1L,Tan Saw Chin
CSN6114,Computer Architecture and Organization,Tutorial,TT3L,Wednesday,4:00 PM,6:00 PM,CQAR3005,TC1L,Tan Saw Chin
CSN6114,Computer Architecture and Organization,Tutorial,TT4L,Thursday,4:00 PM,6:00 PM,CQAR3005,TC1L,Tan Saw Chin
CSN6114,Computer Architecture and Organization,Lecture,TC2L,Monday,8:00 AM,10:00 AM,CNMX1005,"TT5L, TT6L, TT7L, TT8L",Lusiana Syaiful
CSN6114,Computer Architecture and Organization,Lecture,TC2L,Wednesday,9:00 AM,10:00 AM,FCIV0003,"TT5L, TT6L, TT7L, TT8L",Lusiana Syaiful
CSN6114,Computer Architecture and Organization,Tutorial,TT5L,Monday,4:00 PM,6:00 PM,CQAR3005,TC2L,Lusiana Syaiful
CSN6114,Computer Architecture and Organization,Tutorial,TT6L,Tuesday,2:00 PM,4:00 PM,CQAR3005,TC2L,Lusiana Syaiful
CSN6114,Computer Architecture and Organization,Tutorial,TT7L,Monday,2:00 PM,4:00 PM,CQAR3005,TC2L,Lusiana Syaiful
CSN6114,Computer Architecture and Organization,Tutorial,TT8L,Thursday,2:00 PM,4:00 PM,CQAR3005,TC2L,Lusiana Syaiful
CSN6114,Computer Architecture and Organization,Lecture,TC3L,Wednesday,8:00 AM,10:00 AM,CNMX1005,"TT9L, T10L, T11L, T12L",Ng Hu
CSN6114,Computer Architecture and Organization,Lecture,TC3L,Monday,8:00 AM,9:00 AM,FCIV0004,"TT9L, T10L, T11L, T12L",Ng Hu
CSN6114,Computer Architecture and Organization,Tutorial,TT9L,Thursday,8:00 AM,10:00 AM,CQAR3005,TC3L,Ng Hu
CSN6114,Computer Architecture and Organization,Tutorial,T10L,Friday,8:00 AM,10:00 AM,CQAR3005,TC3L,Ng Hu
CSN6114,Computer Architecture and Organization,Tutorial,T11L,Monday,12:00 PM,2:00 PM,CQAR3005,TC3L,Ng Hu
CSN6114,Computer Architecture and Organization,Tutorial,T12L,Wednesday,10:00 AM,12:00 PM,CQAR3005,TC3L,Ng Hu
CSN6114,Computer Architecture and Organization,Lecture,TC4L,Tuesday,8:00 AM,10:00 AM,CNMX1004,"T13L, T14L, T15L, T16L",Liana Ameerah Rosli
CSN6114,Computer Architecture and Organization,Lecture,TC4L,Wednesday,12:00 PM,1:00 PM,FCIV0004,"T13L, T14L, T15L, T16L",Liana Ameerah Rosli
CSN6114,Computer Architecture and Organization,Tutorial,T13L,Tuesday,10:00 AM,12:00 PM,CQAR3005,TC4L,Liana Ameerah Rosli
CSN6114,Computer Architecture and Organization,Tutorial,T14L,Friday,10:00 AM,12:00 PM,CQAR3005,TC4L,Liana Ameerah Rosli
CSN6114,Computer Architecture and Organization,Tutorial,T15L,Tuesday,12:00 PM,2:00 PM,CQAR3005,TC4L,Liana Ameerah Rosli
CSN6114,Computer Architecture and Organization,Tutorial,T16L,Wednesday,2:00 PM,4:00 PM,CQAR3005,TC4L,Liana Ameerah Rosli
CSN6114,Computer Architecture and Organization,Lecture,TC5L,Tuesday,2:00 PM,4:00 PM,CNMX1004,"T17L, T18L, T19L, T20L",Lee Fong Yee
CSN6114,Computer Architecture and Organization,Lecture,TC5L,Tuesday,9:00 AM,10:00 AM,FCIV0006,"T17L, T18L, T19L, T20L",Lee Fong Yee
CSN6114,Computer Architecture and Organization,Tutorial,T17L,Thursday,10:00 AM,12:00 PM,CQAR3005,TC5L,Lee Fong Yee
CSN6114,Computer Architecture and Organization,Tutorial,T18L,Thursday,12:00 PM,2:00 PM,CQAR3005,TC5L,Lee Fong Yee
CSN6114,Computer Architecture and Organization,Tutorial,T19L,Monday,10:00 AM,12:00 PM,CQAR3005,TC5L,Lee Fong Yee
CSN6114,Computer Architecture and Organization,Tutorial,T20L,Monday,12:00 PM,2:00 PM,CQAR0006,TC5L,Lee Fong Yee
CSN6114,Computer Architecture and Organization,Lecture,TC6L,Monday,12:00 PM,2:00 PM,CQAR1009,"T21L, T22L, T23L",Goh Hui Ngo
CSN6114,Computer Architecture and Organization,Lecture,TC6L,Monday,4:00 PM,5:00 PM,CQAR1009,"T21L, T22L, T23L",Goh Hui Ngo
CSN6114,Computer Architecture and Organization,Tutorial,T21L,Wednesday,12:00 PM,2:00 PM,CQAR3005,TC6L,Goh Hui Ngo
CSN6114,Computer Architecture and Organization,Tutorial,T22L,Tuesday,8:00 AM,10:00 AM,CQAR3005,TC6L,Goh Hui Ngo
CSN6114,Computer Architecture and Organization,Tutorial,T23L,Wednesday,8:00 AM,10:00 AM,CQAR3005,TC6L,Goh Hui Ngo
CMA6134,Computational Methods,Lecture,TC1L,Tuesday,2:00 PM,4:00 PM,CNMX1005,"TT1L, TT2L, TT3L, TT4L",Tong Hau Lee
CMA6134,Computational Methods,Tutorial,TT1L,Monday,12:00 PM,2:00 PM,CQAR0003,TC1L,Tong Hau Lee
CMA6134,Computational Methods,Tutorial,TT2L,Wednesday,4:00 PM,6:00 PM,CQAR0003,TC1L,Tong Hau Lee
CMA6134,Computational Methods,Tutorial,TT3L,Thursday,4:00 PM,6:00 PM,CQAR0003,TC1L,Tong Hau Lee
CMA6134,Computational Methods,Tutorial,TT4L,Thursday,2:00 PM,4:00 PM,CQAR0003,TC1L,Tong Hau Lee
CMA6134,Computational Methods,Lecture,TC2L,Monday,12:00 PM,2:00 PM,CNMX1005,"TT5L, TT6L, TT7L, TT8L",Lim Siew Ling
CMA6134,Computational Methods,Tutorial,TT5L,Friday,10:00 AM,12:00 PM,CQAR0003,TC2L,Lim Siew Ling
CMA6134,Computational Methods,Tutorial,TT6L,Thursday,8:00 AM,10:00 AM,CQAR0003,TC2L,Lim Siew Ling
CMA6134,Computational Methods,Tutorial,TT7L,Friday,3:00 PM,5:00 PM,CQAR0003,TC2L,Lim Siew Ling
CMA6134,Computational Methods,Tutorial,TT8L,Tuesday,10:00 AM,12:00 PM,CQAR0003,TC2L,Lim Siew Ling
CMA6134,Computational Methods,Lecture,TC3L,Tuesday,12:00 PM,2:00 PM,CNMX1004,"TT9L, T10L, T11L, T12L",Foo Lee Kien
CMA6134,Computational Methods,Tutorial,TT9L,Wednesday,10:00 AM,12:00 PM,CQAR0003,TC3L,Foo Lee Kien
CMA6134,Computational Methods,Tutorial,T10L,Thursday,10:00 AM,12:00 PM,CQAR0003,TC3L,Foo Lee Kien
CMA6134,Computational Methods,Tutorial,T11L,Wednesday,12:00 PM,2:00 PM,CQAR0003,TC3L,Foo Lee Kien
CMA6134,Computational Methods,Tutorial,T12L,Thursday,12:00 PM,2:00 PM,CQAR0003,TC3L,Foo Lee Kien
CMA6134,Computational Methods,Lecture,TC4L,Monday,12:00 PM,2:00 PM,CNMX1004,"T13L, T14L, T15L, T16L",Pee Chih Yang
CMA6134,Computational Methods,Tutorial,T13L,Wednesday,2:00 PM,4:00 PM,CQAR0003,TC4L,Pee Chih Yang
CMA6134,Computational Methods,Tutorial,T14L,Tuesday,2:00 PM,4:00 PM,CQAR0003,TC4L,Pee Chih Yang
CMA6134,Computational Methods,Tutorial,T15L,Tuesday,12:00 PM,2:00 PM,CQAR0003,TC4L,Pee Chih Yang
CMA6134,Computational Methods,Tutorial,T16L,Tuesday,8:00 AM,10:00 AM,CQAR0006,TC4L,Pee Chih Yang
CMA6134,Computational Methods,Lecture,TC5L,Monday,8:00 AM,10:00 AM,CNMX1004,"T17L, T18L, T19L, T20L",Sarah A'fifah Abdullah Sani
CMA6134,Computational Methods,Tutorial,T17L,Thursday,12:00 PM,2:00 PM,CQAR0006,TC5L,Sarah A'fifah Abdullah Sani
CMA6134,Computational Methods,Tutorial,T18L,Tuesday,8:00 AM,10:00 AM,CQAR0003,TC5L,Sarah A'fifah Abdullah Sani
CMA6134,Computational Methods,Tutorial,T19L,Wednesday,8:00 AM,10:00 AM,CQAR0003,TC5L,Sarah A'fifah Abdullah Sani
CMA6134,Computational Methods,Tutorial,T20L,Friday,8:00 AM,10:00 AM,CQAR0003,TC5L,Sarah A'fifah Abdullah Sani
CMA6134,Computational Methods,Lecture,TC6L,Tuesday,10:00 AM,12:00 PM,CQCR2001,"T21L, T22L",Lim Siew Ling
CMA6134,Computational Methods,Tutorial,T21L,Monday,10:00 AM,12:00 PM,CQAR0003,TC6L,Lim Siew Ling
CMA6134,Computational Methods,Tutorial,T22L,Tuesday,4:00 PM,6:00 PM,CQAR0003,TC6L,Lim Siew Ling
CCP6124,Object-Oriented Programming and Data Structures,Lecture,TC1L,Tuesday,8:00 AM,10:00 AM,CNMX1005,"TT1L, TT2L, TT3L, TT4L",Goh Chien Le
CCP6124,Object-Oriented Programming and Data Structures,Lecture,TC1L,Friday,10:00 AM,11:00 AM,FCIV0002,"TT1L, TT2L, TT3L, TT4L",Goh Chien Le
CCP6124,Object-Oriented Programming and Data Structures,Tutorial,TT1L,Monday,10:00 AM,12:00 PM,CQAR2003,TC1L,Goh Chien Le
CCP6124,Object-Oriented Programming and Data Structures,Tutorial,TT2L,Tuesday,10:00 AM,12:00 PM,CQAR2003,TC1L,Goh Chien Le
CCP6124,Object-Oriented Programming and Data Structures,Tutorial,TT3L,Thursday,2:00 PM,4:00 PM,CQAR2003,TC1L,Goh Chien Le
CCP6124,Object-Oriented Programming and Data Structures,Tutorial,TT4L,Friday,5:00 PM,7:00 PM,CQAR2003,TC1L,Goh Chien Le
CCP6124,Object-Oriented Programming and Data Structures,Lecture,TC2L,Wednesday,12:00 PM,2:00 PM,CNMX1005,"TT5L, TT6L, TT7L, TT8L",Bau Yoon Teck
CCP6124,Object-Oriented Programming and Data Structures,Lecture,TC2L,Wednesday,8:00 AM,9:00 AM,FCIV0003,"TT5L, TT6L, TT7L, TT8L",Bau Yoon Teck
CCP6124,Object-Oriented Programming and Data Structures,Tutorial,TT5L,Tuesday,2:00 PM,4:00 PM,CQAR2003,TC2L,Bau Yoon Teck
CCP6124,Object-Oriented Programming and Data Structures,Tutorial,TT6L,Tuesday,4:00 PM,6:00 PM,CQAR2003,TC2L,Bau Yoon Teck
CCP6124,Object-Oriented Programming and Data Structures,Tutorial,TT7L,Wednesday,4:00 PM,6:00 PM,CQAR2003,TC2L,Bau Yoon Teck
CCP6124,Object-Oriented Programming and Data Structures,Tutorial,TT8L,Friday,3:00 PM,5:00 PM,CQAR1003,TC2L,Bau Yoon Teck
CCP6124,Object-Oriented Programming and Data Structures,Lecture,TC3L,Wednesday,2:00 PM,4:00 PM,CNMX1005,"TT9L, T10L, T11L, T12L",Farhah Amaliya Zaharuddin
CCP6124,Object-Oriented Programming and Data Structures,Lecture,TC3L,Monday,9:00 AM,10:00 AM,FCIV0004,"TT9L, T10L, T11L, T12L",Farhah Amaliya Zaharuddin
CCP6124,Object-Oriented Programming and Data Structures,Tutorial,TT9L,Monday,4:00 PM,6:00 PM,CQAR1003,TC3L,Farhah Amaliya Zaharuddin
CCP6124,Object-Oriented Programming and Data Structures,Tutorial,T10L,Friday,10:00 AM,12:00 PM,CQAR2003,TC3L,Farhah Amaliya Zaharuddin
CCP6124,Object-Oriented Programming and Data Structures,Tutorial,T11L,Thursday,12:00 PM,2:00 PM,CQAR2003,TC3L,Farhah Amaliya Zaharuddin
CCP6124,Object-Oriented Programming and Data Structures,Tutorial,T12L,Monday,12:00 PM,2:00 PM,CQAR2003,TC3L,Farhah Amaliya Zaharuddin
CCP6124,Object-Oriented Programming and Data Structures,Lecture,TC4L,Friday,3:00 PM,5:00 PM,CNMX1004,"T13L, T14L, T15L, T16L",Lee Kian Chin
CCP6124,Object-Oriented Programming and Data Structures,Lecture,TC4L,Wednesday,8:00 AM,9:00 AM,FCIV0006,"T13L, T14L, T15L, T16L",Lee Kian Chin
CCP6124,Object-Oriented Programming and Data Structures,Tutorial,T13L,Thursday,8:00 AM,10:00 AM,CQAR2003,TC4L,Lee Kian Chin
CCP6124,Object-Oriented Programming and Data Structures,Tutorial,T14L,Tuesday,12:00 PM,2:00 PM,CQAR2003,TC4L,Lee Kian Chin
CCP6124,Object-Oriented Programming and Data Structures,Tutorial,T15L,Wednesday,12:00 PM,2:00 PM,CQAR2003,TC4L,Lee Kian Chin
CCP6124,Object-Oriented Programming and Data Structures,Tutorial,T16L,Thursday,4:00 PM,6:00 PM,CQAR2003,TC4L,Lee Kian Chin
CSE6214,Software Engineering Fundamentals,Lecture,TC1L,Tuesday,10:00 AM,12:00 PM,CQCR2002,"TT1L, TT2L",Chua Fang Fang
CSE6214,Software Engineering Fundamentals,Tutorial,TT1L,Monday,10:00 AM,12:00 PM,CQAR2007,TC1L,Chua Fang Fang
CSE6214,Software Engineering Fundamentals,Tutorial,TT2L,Tuesday,2:00 PM,4:00 PM,CQAR3006,TC1L,Chua Fang Fang
CIT6114,Database Fundamentals,Lecture,TC1L,Monday,4:00 PM,6:00 PM,FCIV0005,"TT1L, TT2L, TT3L, TT4L",Ho Sin Ban
CIT6114,Database Fundamentals,Tutorial,TT1L,Wednesday,8:00 AM,10:00 AM,CQAR2003,TC1L,Ho Sin Ban
CIT6114,Database Fundamentals,Tutorial,TT2L,Monday,12:00 PM,2:00 PM,CQAR2007,TC1L,Ho Sin Ban
CIT6114,Database Fundamentals,Tutorial,TT3L,Monday,8:00 AM,10:00 AM,CQAR0003,TC1L,Ho Sin Ban
CIT6114,Database Fundamentals,Tutorial,TT4L,Friday,8:00 AM,10:00 AM,CQAR2007,TC1L,Ho Sin Ban
CIT6114,Database Fundamentals,Lecture,TC2L,Tuesday,8:00 AM,10:00 AM,FCIV0005,"TT5L, TT6L, TT7L, TT8L",Jamal Arshad
CIT6114,Database Fundamentals,Tutorial,TT5L,Tuesday,12:00 PM,2:00 PM,CQAR2007,TC2L,Jamal Arshad
CIT6114,Database Fundamentals,Tutorial,TT6L,Wednesday,2:00 PM,4:00 PM,CQAR2007,TC2L,Jamal Arshad
CIT6114,Database Fundamentals,Tutorial,TT7L,Thursday,8:00 AM,10:00 AM,CQAR2007,TC2L,Jamal Arshad
CIT6114,Database Fundamentals,Tutorial,TT8L,Tuesday,2:00 PM,4:00 PM,CQAR2007,TC2L,Jamal Arshad
CIT6114,Database Fundamentals,Lecture,TC3L,Tuesday,10:00 AM,12:00 PM,FCIV0005,"TT9L, T10L, T11L, T12L",Chua Sook Ling @ Linda Chua
CIT6114,Database Fundamentals,Tutorial,TT9L,Wednesday,12:00 PM,2:00 PM,CQAR2007,TC3L,Chua Sook Ling @ Linda Chua
CIT6114,Database Fundamentals,Tutorial,T10L,Thursday,12:00 PM,2:00 PM,CQAR2007,TC3L,Chua Sook Ling @ Linda Chua
CIT6114,Database Fundamentals,Tutorial,T11L,Wednesday,10:00 AM,12:00 PM,CQAR2007,TC3L,Chua Sook Ling @ Linda Chua
CIT6114,Database Fundamentals,Tutorial,T12L,Thursday,10:00 AM,12:00 PM,CQAR2007,TC3L,Chua Sook Ling @ Linda Chua
CIT6114,Database Fundamentals,Lecture,TC4L,Monday,8:00 AM,10:00 AM,CQAR1009,"T13L, T14L, T15L",Neoh Hoo Thye
CIT6114,Database Fundamentals,Tutorial,T13L,Thursday,10:00 AM,12:00 PM,CQAR2005,TC4L,Neoh Hoo Thye
CIT6114,Database Fundamentals,Tutorial,T14L,Wednesday,2:00 PM,4:00 PM,CQAR2005,TC4L,Neoh Hoo Thye
CIT6114,Database Fundamentals,Tutorial,T15L,Friday,10:00 AM,12:00 PM,CQAR2005,TC4L,Neoh Hoo Thye
CIT6214,Information Technology Project Management,Lecture,TC1L,Thursday,12:00 PM,2:00 PM,CQAR1009,"TT1L, TT2L, TT3L",Mohamad Firdaus Mat Saad
CIT6214,Information Technology Project Management,Tutorial,TT1L,Monday,12:00 PM,2:00 PM,CQAR3007,TC1L,Mohamad Firdaus Mat Saad
CIT6214,Information Technology Project Management,Tutorial,TT2L,Wednesday,2:00 PM,4:00 PM,CQAR3007,TC1L,Mohamad Firdaus Mat Saad
CIT6214,Information Technology Project Management,Tutorial,TT3L,Wednesday,10:00 AM,12:00 PM,CQAR3007,TC1L,Mohamad Firdaus Mat Saad
CCP6224,Object-Oriented Analysis and Design,Lecture,TC1L,Tuesday,10:00 AM,12:00 PM,CNMX1004,"TT1L, TT2L, TT3L, TT4L, TT7L",Nathar Shah Packier Mohammad
CCP6224,Object-Oriented Analysis and Design,Tutorial,TT1L,Monday,8:00 AM,10:00 AM,CQAR3006,TC1L,Nathar Shah Packier Mohammad
CCP6224,Object-Oriented Analysis and Design,Tutorial,TT2L,Friday,10:00 AM,12:00 PM,CQAR3006,TC1L,Nathar Shah Packier Mohammad
CCP6224,Object-Oriented Analysis and Design,Tutorial,TT3L,Monday,2:00 PM,4:00 PM,CQAR3006,TC1L,Nathar Shah Packier Mohammad
CCP6224,Object-Oriented Analysis and Design,Tutorial,TT4L,Friday,8:00 AM,10:00 AM,CQAR2005,TC1L,Nathar Shah Packier Mohammad
CCP6224,Object-Oriented Analysis and Design,Tutorial,TT7L,Wednesday,12:00 PM,2:00 PM,CQAR2005,TC1L,Noor Farah Shahida Mohd Haris
CCP6224,Object-Oriented Analysis and Design,Lecture,TC2L,Wednesday,8:00 AM,10:00 AM,CQAR1009,"TT5L, TT6L",Hussain Hafiz Adnan
CCP6224,Object-Oriented Analysis and Design,Tutorial,TT5L,Monday,2:00 PM,4:00 PM,CQAR2005,TC2L,Hussain Hafiz Adnan
CCP6224,Object-Oriented Analysis and Design,Tutorial,TT6L,Thursday,4:00 PM,6:00 PM,CQAR2005,TC2L,Hussain Hafiz Adnan
CIT6234,Advanced Database,Lecture,TC1L,Tuesday,8:00 AM,10:00 AM,CQAR1009,"TT1L, TT2L, TT3L",Haw Su Cheng
CIT6234,Advanced Database,Tutorial,TT1L,Wednesday,8:00 AM,10:00 AM,CQAR2005,TC1L,Haw Su Cheng
CIT6234,Advanced Database,Tutorial,TT2L,Thursday,8:00 AM,10:00 AM,CQAR2005,TC1L,Haw Su Cheng
CIT6234,Advanced Database,Tutorial,TT3L,Monday,8:00 AM,10:00 AM,CQAR2005,TC1L,Haw Su Cheng
CMA6144,Introduction to Discrete Mathematics and Linear Algebra,Lecture,TC1L,Monday,10:00 AM,12:00 PM,CQCR2001,TT1L,Algalal Sabaa Ahmed Yahya
CMA6144,Introduction to Discrete Mathematics and Linear Algebra,Lecture,TC1L,Thursday,8:00 AM,9:00 AM,CQCR2001,TT1L,Algalal Sabaa Ahmed Yahya
CMA6144,Introduction to Discrete Mathematics and Linear Algebra,Tutorial,TT1L,Thursday,12:00 PM,2:00 PM,CQCR2004,TC1L,Algalal Sabaa Ahmed Yahya
CSN6314,Cybersecurity: Theory and Practice,Lecture,TC1L,Monday,2:00 PM,4:00 PM,CQAR1009,"TT1L, TT2L, TT3L",Junaidi Abdullah
CSN6314,Cybersecurity: Theory and Practice,Tutorial,TT1L,Tuesday,12:00 PM,2:00 PM,CQAR3007,TC1L,Junaidi Abdullah
CSN6314,Cybersecurity: Theory and Practice,Tutorial,TT2L,Thursday,8:00 AM,10:00 AM,CQAR3007,TC1L,Junaidi Abdullah
CSN6314,Cybersecurity: Theory and Practice,Tutorial,TT3L,Thursday,10:00 AM,12:00 PM,CQAR3007,TC1L,Junaidi Abdullah
CMA6154,Calculus and Statistics Fundamental,Lecture,TC1L,Tuesday,12:00 PM,2:00 PM,CQCR2001,"TT1L, TT2L",Yeong Wai Chung
CMA6154,Calculus and Statistics Fundamental,Lecture,TC1L,Friday,9:00 AM,10:00 AM,CQCR2001,"TT1L, TT2L",Yeong Wai Chung
CMA6154,Calculus and Statistics Fundamental,Tutorial,TT1L,Thursday,10:00 AM,12:00 PM,CQCR2004,TC1L,Yeong Wai Chung
CMA6154,Calculus and Statistics Fundamental,Tutorial,TT2L,Thursday,2:00 PM,4:00 PM,CQCR2004,TC1L,Yeong Wai Chung
CSN6214,Operating Systems,Lecture,TC1L,Tuesday,2:00 PM,4:00 PM,CQCR2001,TT1L,Syed Qamrun Nisa
CSN6214,Operating Systems,Tutorial,TT1L,Thursday,8:00 AM,10:00 AM,CQAR3006,TC1L,Syed Qamrun Nisa
CSN6224,Computer Networks,Lecture,TC1L,Wednesday,10:00 AM,12:00 PM,CQAR1009,"TT1L, TT2L, TT3L",Noor Farah Shahida Mohd Haris
CSN6224,Computer Networks,Tutorial,TT1L,Wednesday,4:00 PM,6:00 PM,CQAR1001,TC1L,Noor Farah Shahida Mohd Haris
CSN6224,Computer Networks,Tutorial,TT2L,Friday,3:00 PM,5:00 PM,CQAR3003,TC1L,Noor Farah Shahida Mohd Haris
CSN6224,Computer Networks,Tutorial,TT3L,Tuesday,4:00 PM,6:00 PM,CQAR2002,TC1L,Noor Farah Shahida Mohd Haris
CSN6224,Computer Networks,Lecture,TC2L,Monday,12:00 PM,2:00 PM,CQCR2001,"TT4L, TT5L",Khairil Anuar
CSN6224,Computer Networks,Tutorial,TT4L,Tuesday,8:00 AM,10:00 AM,CQAR2003,TC2L,Khairil Anuar
CSN6224,Computer Networks,Tutorial,TT5L,Thursday,10:00 AM,12:00 PM,CQAR2003,TC2L,Khairil Anuar
CIT6224,Web Application Development,Lecture,TC1L,Tuesday,10:00 AM,12:00 PM,CNMX1005,"TT1L, TT2L, TT3L, TT4L",Mohana Muniandy
CIT6224,Web Application Development,Tutorial,TT1L,Friday,8:00 AM,10:00 AM,CQAR2002,TC1L,Mohana Muniandy
CIT6224,Web Application Development,Tutorial,TT2L,Thursday,10:00 AM,12:00 PM,CQAR2002,TC1L,Mohana Muniandy
CIT6224,Web Application Development,Tutorial,TT3L,Friday,5:00 PM,7:00 PM,CQAR2004,TC1L,Mohana Muniandy
CIT6224,Web Application Development,Tutorial,TT4L,Tuesday,4:00 PM,6:00 PM,CQAR2004,TC1L,Mohana Muniandy
CIT6324,Enterprise Application Integration,Lecture,TC1L,Tuesday,8:00 AM,10:00 AM,CQCR2003,"TT1L, TT2L",Khairil Imran Ghauth
CIT6324,Enterprise Application Integration,Tutorial,TT1L,Thursday,2:00 PM,4:00 PM,CQAR3007,TC1L,Khairil Imran Ghauth
CIT6324,Enterprise Application Integration,Tutorial,TT2L,Wednesday,12:00 PM,2:00 PM,CQAR3007,TC1L,Khairil Imran Ghauth
CES6214,Information Systems Planning and Development,Lecture,TC1L,Tuesday,10:00 AM,12:00 PM,CQCR2003,"TT1L, TT2L",Helmi Mohamed Hussain
CES6214,Information Systems Planning and Development,Tutorial,TT1L,Thursday,12:00 PM,2:00 PM,CQAR3007,TC1L,Helmi Mohamed Hussain
CES6214,Information Systems Planning and Development,Tutorial,TT2L,Wednesday,8:00 AM,10:00 AM,CQAR3007,TC1L,Helmi Mohamed Hussain
CCP6214,Algorithm Design and Analysis,Lecture,TC1L,Monday,4:00 PM,6:00 PM,CNMX1005,"TT1L, TT2L, TT3L, TT4L",Neoh Kee Lin
CCP6214,Algorithm Design and Analysis,Tutorial,TT1L,Thursday,8:00 AM,10:00 AM,CQAR1003,TC1L,Neoh Kee Lin
CCP6214,Algorithm Design and Analysis,Tutorial,TT2L,Tuesday,2:00 PM,4:00 PM,CQAR1001,TC1L,Neoh Kee Lin
CCP6214,Algorithm Design and Analysis,Tutorial,TT3L,Thursday,12:00 PM,2:00 PM,CQAR1001,TC1L,Neoh Kee Lin
CCP6214,Algorithm Design and Analysis,Tutorial,TT4L,Thursday,2:00 PM,4:00 PM,CQAR2004,TC1L,Neoh Kee Lin
CCP6214,Algorithm Design and Analysis,Lecture,TC2L,Tuesday,4:00 PM,6:00 PM,CNMX1004,"TT5L, TT6L, TT7L, TT8L",Wong Keng Tuck
CCP6214,Algorithm Design and Analysis,Tutorial,TT5L,Thursday,8:00 AM,10:00 AM,CQAR1001,TC2L,Wong Keng Tuck
CCP6214,Algorithm Design and Analysis,Tutorial,TT6L,Wednesday,12:00 PM,2:00 PM,CQAR1001,TC2L,Wong Keng Tuck
CCP6214,Algorithm Design and Analysis,Tutorial,TT7L,Wednesday,4:00 PM,6:00 PM,CQAR3002,TC2L,Wong Keng Tuck
CCP6214,Algorithm Design and Analysis,Tutorial,TT8L,Wednesday,8:00 AM,10:00 AM,CQAR2006,TC2L,Wong Keng Tuck
CCP6214,Algorithm Design and Analysis,Lecture,TC3L,Tuesday,4:00 PM,6:00 PM,CNMX1005,"TT9L, T10L, T11L, T12L",Neoh Kee Lin
CCP6214,Algorithm Design and Analysis,Tutorial,TT9L,Thursday,4:00 PM,6:00 PM,CQAR2007,TC3L,Radiah Haque
CCP6214,Algorithm Design and Analysis,Tutorial,T10L,Wednesday,10:00 AM,12:00 PM,CQAR3003,TC3L,Radiah Haque
CCP6214,Algorithm Design and Analysis,Tutorial,T11L,Wednesday,2:00 PM,4:00 PM,CQAR3003,TC3L,Radiah Haque
CCP6214,Algorithm Design and Analysis,Tutorial,T12L,Thursday,10:00 AM,12:00 PM,CQAR3003,TC3L,Radiah Haque
CCP6214,Algorithm Design and Analysis,Lecture,TC4L,Thursday,8:00 AM,10:00 AM,CNMX1005,"T14L, T15L, T16L",Pang Nyuk Khee @ Angeline Pang
CCP6214,Algorithm Design and Analysis,Tutorial,T13L,Monday,8:00 AM,10:00 AM,CQAR3003,TC4L,Pang Nyuk Khee @ Angeline Pang
CCP6214,Algorithm Design and Analysis,Tutorial,T14L,Friday,8:00 AM,10:00 AM,CQAR3003,TC4L,Pang Nyuk Khee @ Angeline Pang
CCP6214,Algorithm Design and Analysis,Tutorial,T15L,Wednesday,4:00 PM,6:00 PM,CQAR3003,TC4L,Pang Nyuk Khee @ Angeline Pang
CCP6214,Algorithm Design and Analysis,Tutorial,T16L,Monday,4:00 PM,6:00 PM,CQAR3003,TC4L,Pang Nyuk Khee @ Angeline Pang
CCP6214,Algorithm Design and Analysis,Lecture,TC5L,Thursday,12:00 PM,2:00 PM,CNMX1005,"T17L, T18L, T19L, T20L",Mohammed Nasser Mohammed Al-Andoli
CCP6214,Algorithm Design and Analysis,Tutorial,T17L,Monday,10:00 AM,12:00 PM,CQAR3003,TC5L,Mohammed Nasser Mohammed Al-Andoli
CCP6214,Algorithm Design and Analysis,Tutorial,T18L,Tuesday,8:00 AM,10:00 AM,CQAR3003,TC5L,Mohammed Nasser Mohammed Al-Andoli
CCP6214,Algorithm Design and Analysis,Tutorial,T19L,Tuesday,4:00 PM,6:00 PM,CQAR3003,TC5L,Mohammed Nasser Mohammed Al-Andoli
CCP6214,Algorithm Design and Analysis,Tutorial,T20L,Monday,12:00 PM,2:00 PM,CQAR3003,TC5L,Mohammed Nasser Mohammed Al-Andoli
CCP6214,Algorithm Design and Analysis,Lecture,TC6L,Tuesday,2:00 PM,4:00 PM,CQCR2003,"T21L, T22L",Nur Erlida Ruslan
CCP6214,Algorithm Design and Analysis,Tutorial,T21L,Thursday,2:00 PM,4:00 PM,CQAR3003,TC6L,Nur Erlida Ruslan
CCP6214,Algorithm Design and Analysis,Tutorial,T22L,Friday,10:00 AM,12:00 PM,CQAR3003,TC6L,Nur Erlida Ruslan
CSE6224,Software Requirements Engineering,Lecture,TC1L,Monday,10:00 AM,12:00 PM,CNMX1005,"TT1L, TT2L, TT3L, TT4L",Zarina Che Embi
CSE6224,Software Requirements Engineering,Tutorial,TT1L,Wednesday,10:00 AM,12:00 PM,CQAR1003,TC1L,Zarina Che Embi
CSE6224,Software Requirements Engineering,Tutorial,TT2L,Tuesday,4:00 PM,6:00 PM,CQAR1003,TC1L,Nur Haifa Mohd Fathil
CSE6224,Software Requirements Engineering,Tutorial,TT3L,Friday,8:00 AM,10:00 AM,CQAR1003,TC1L,Nur Haifa Mohd Fathil
CSE6224,Software Requirements Engineering,Tutorial,TT4L,Thursday,12:00 PM,2:00 PM,CQAR1003,TC1L,Zarina Che Embi
CSE6224,Software Requirements Engineering,Lecture,TC2L,Monday,12:00 PM,2:00 PM,CQCR2003,"TT5L, TT6L",Zarina Che Embi
CSE6224,Software Requirements Engineering,Tutorial,TT5L,Wednesday,12:00 PM,2:00 PM,CQAR1003,TC2L,Zarina Che Embi
CSE6224,Software Requirements Engineering,Tutorial,TT6L,Thursday,2:00 PM,4:00 PM,CQAR1003,TC2L,Zarina Che Embi
CGD6214,Computer Graphics Fundamentals,Lecture,TC1L,Monday,12:00 PM,2:00 PM,CQCR2002,"TT1L, TT2L",Ng Kok Why
CGD6214,Computer Graphics Fundamentals,Tutorial,TT1L,Friday,10:00 AM,12:00 PM,CQAR2007,TC1L,Ng Kok Why
CGD6214,Computer Graphics Fundamentals,Tutorial,TT2L,Tuesday,10:00 AM,12:00 PM,CQAR2007,TC1L,Ng Kok Why
CDS6214,Data Science Fundamentals,Lecture,TC1L,Monday,2:00 PM,4:00 PM,CNMX1005,"TT1L, TT2L, TT3L, TT4L",Ku Day Chyi
CDS6214,Data Science Fundamentals,Tutorial,TT1L,Tuesday,12:00 PM,2:00 PM,CQAR1003,TC1L,Ku Day Chyi
CDS6214,Data Science Fundamentals,Tutorial,TT2L,Tuesday,10:00 AM,12:00 PM,CQAR1003,TC1L,Ku Day Chyi
CDS6214,Data Science Fundamentals,Tutorial,TT3L,Friday,10:00 AM,12:00 PM,CQAR1003,TC1L,Ku Day Chyi
CDS6214,Data Science Fundamentals,Tutorial,TT4L,Thursday,10:00 AM,12:00 PM,CQAR1003,TC1L,Ku Day Chyi
CDS6214,Data Science Fundamentals,Lecture,TC2L,Monday,12:00 PM,2:00 PM,CNMX1005,"TT5L, TT6L, TT7L, TT8L",Amy Lim Hui Lan
CDS6214,Data Science Fundamentals,Tutorial,TT5L,Wednesday,2:00 PM,4:00 PM,CQAR1003,TC2L,Amy Lim Hui Lan
CDS6214,Data Science Fundamentals,Tutorial,TT6L,Tuesday,2:00 PM,4:00 PM,CQAR1003,TC2L,Amy Lim Hui Lan
CDS6214,Data Science Fundamentals,Tutorial,TT7L,Monday,12:00 PM,2:00 PM,CQAR1003,TC2L,Amy Lim Hui Lan
CDS6214,Data Science Fundamentals,Tutorial,TT8L,Monday,10:00 AM,12:00 PM,CQAR1003,TC2L,Amy Lim Hui Lan
CDS6214,Data Science Fundamentals,Lecture,TC3L,Monday,10:00 AM,12:00 PM,CQCR2002,"TT9L, T10L",Ku Day Chyi
CDS6214,Data Science Fundamentals,Tutorial,TT9L,Thursday,4:00 PM,6:00 PM,CQAR1003,TC3L,Ku Day Chyi
CDS6214,Data Science Fundamentals,Tutorial,T10L,Wednesday,8:00 AM,10:00 AM,CQAR1003,TC3L,Ku Day Chyi
CCS6214,Cybersecurity Fundamentals,Lecture,TC1L,Friday,10:00 AM,12:00 PM,CNMX1005,"TT1L, TT2L, TT3L, TT4L",Wan Noorshahida Mohd Isa
CCS6214,Cybersecurity Fundamentals,Tutorial,TT1L,Tuesday,2:00 PM,4:00 PM,CQAR0006,TC1L,Wan Noorshahida Mohd Isa
CCS6214,Cybersecurity Fundamentals,Tutorial,TT2L,Tuesday,10:00 AM,12:00 PM,CQAR0006,TC1L,Wan Noorshahida Mohd Isa
CCS6214,Cybersecurity Fundamentals,Tutorial,TT3L,Wednesday,8:00 AM,10:00 AM,CQAR0006,TC1L,Wan Noorshahida Mohd Isa
CCS6214,Cybersecurity Fundamentals,Tutorial,TT4L,Thursday,4:00 PM,6:00 PM,CQAR0006,TC1L,Wan Noorshahida Mohd Isa
CCS6214,Cybersecurity Fundamentals,Lecture,TC2L,Wednesday,10:00 AM,12:00 PM,CNMX1005,"TT5L, TT6L, TT7L, TT8L",Siti Husna Abdul Rahman @ Suliman
CCS6214,Cybersecurity Fundamentals,Tutorial,TT5L,Thursday,2:00 PM,4:00 PM,CQAR0006,TC2L,Siti Husna Abdul Rahman @ Suliman
CCS6214,Cybersecurity Fundamentals,Tutorial,TT6L,Thursday,10:00 AM,12:00 PM,CQAR0006,TC2L,Siti Husna Abdul Rahman @ Suliman
CCS6214,Cybersecurity Fundamentals,Tutorial,TT7L,Friday,10:00 AM,12:00 PM,CQAR0006,TC2L,Siti Husna Abdul Rahman @ Suliman
CCS6214,Cybersecurity Fundamentals,Tutorial,TT8L,Tuesday,4:00 PM,6:00 PM,CQAR0006,TC2L,Siti Husna Abdul Rahman @ Suliman
CCS6214,Cybersecurity Fundamentals,Lecture,TC3L,Thursday,12:00 PM,2:00 PM,CQCR2003,"TT9L, T10L",Wan Noorshahida Mohd Isa
CCS6214,Cybersecurity Fundamentals,Tutorial,TT9L,Monday,10:00 AM,12:00 PM,CQAR0006,TC3L,Wan Noorshahida Mohd Isa
CCS6214,Cybersecurity Fundamentals,Tutorial,T10L,Monday,4:00 PM,6:00 PM,CQAR0006,TC3L,Wan Noorshahida Mohd Isa
CSE6234,Software Design,Lecture,TC1L,Tuesday,12:00 PM,2:00 PM,CQAR1009,"TT1L, TT2L, TT3L",Nur Haifa Mohd Fathil
CSE6234,Software Design,Tutorial,TT1L,Wednesday,8:00 AM,10:00 AM,CQAR2004,TC1L,Nur Haifa Mohd Fathil
CSE6234,Software Design,Tutorial,TT2L,Friday,10:00 AM,12:00 PM,CQAR2004,TC1L,Nur Haifa Mohd Fathil
CSE6234,Software Design,Tutorial,TT3L,Thursday,10:00 AM,12:00 PM,CQAR2004,TC1L,Nur Haifa Mohd Fathil
CSE6234,Software Design,Lecture,TC2L,Monday,12:00 PM,2:00 PM,CQCR2003,"TT4L, TT5L",Kairulanuar Ab Kadir
CSE6234,Software Design,Tutorial,TT4L,Tuesday,10:00 AM,12:00 PM,CQAR2005,TC2L,Kairulanuar Ab Kadir
CSE6234,Software Design,Tutorial,TT5L,Thursday,2:00 PM,4:00 PM,CQAR2005,TC2L,Kairulanuar Ab Kadir
CGD6224,Game Design Fundamentals,Lecture,TC1L,Tuesday,12:00 PM,2:00 PM,CQCR2002,TT1L,Mohamad Zul Hisham Mohd Rozami
CGD6224,Game Design Fundamentals,Tutorial,TT1L,Monday,2:00 PM,4:00 PM,CQAR3007,TC1L,Mohamad Zul Hisham Mohd Rozami
CDS6224,Statistical Data Analysis,Lecture,TC1L,Thursday,2:00 PM,4:00 PM,CNMX1005,"TT1L, TT2L, TT3L, TT4L",Nur Syuhaidah Nor Azni
CDS6224,Statistical Data Analysis,Tutorial,TT1L,Friday,3:00 PM,5:00 PM,CQAR2003,TC1L,Nur Syuhaidah Nor Azni
CDS6224,Statistical Data Analysis,Tutorial,TT2L,Wednesday,8:00 AM,10:00 AM,CQAR2002,TC1L,Nur Syuhaidah Nor Azni
CDS6224,Statistical Data Analysis,Tutorial,TT3L,Thursday,4:00 PM,6:00 PM,CQAR2002,TC1L,Nur Syuhaidah Nor Azni
CDS6224,Statistical Data Analysis,Tutorial,TT4L,Tuesday,8:00 AM,10:00 AM,CQAR1003,TC1L,Nur Syuhaidah Nor Azni
CDS6224,Statistical Data Analysis,Lecture,TC2L,Wednesday,12:00 PM,2:00 PM,CQAR1009,"TT5L, TT6L, TT7L",Md Zubair Hassan Tarif
CDS6224,Statistical Data Analysis,Tutorial,TT5L,Thursday,8:00 AM,10:00 AM,CQAR2002,TC2L,Md Zubair Hassan Tarif
CDS6224,Statistical Data Analysis,Tutorial,TT6L,Friday,10:00 AM,12:00 PM,CQAR2002,TC2L,Md Zubair Hassan Tarif
CDS6224,Statistical Data Analysis,Tutorial,TT7L,Wednesday,4:00 PM,6:00 PM,CQAR1003,TC2L,Md Zubair Hassan Tarif
CCS6224,Network Security,Lecture,TC1L,Thursday,10:00 AM,12:00 PM,CNMX1004,"TT1L, TT2L, TT3L, TT4L",Zul Hilmi Abdullah
CCS6224,Network Security,Tutorial,TT1L,Monday,12:00 PM,2:00 PM,CQAR2005,TC1L,Zul Hilmi Abdullah
CCS6224,Network Security,Tutorial,TT2L,Tuesday,12:00 PM,2:00 PM,CQAR2005,TC1L,Zul Hilmi Abdullah
CCS6224,Network Security,Tutorial,TT3L,Wednesday,10:00 AM,12:00 PM,CQAR2003,TC1L,Zul Hilmi Abdullah
CCS6224,Network Security,Tutorial,TT4L,Tuesday,2:00 PM,4:00 PM,CQAR2005,TC1L,Zul Hilmi Abdullah
CCS6224,Network Security,Lecture,TC2L,Wednesday,8:00 AM,10:00 AM,CQCR2002,"TT5L, TT6L",Zul Hilmi Abdullah
CCS6224,Network Security,Tutorial,TT5L,Friday,3:00 PM,5:00 PM,CQAR2005,TC2L,V Vijayakumar Vengadasalam
CCS6224,Network Security,Tutorial,TT6L,Friday,8:00 AM,10:00 AM,CQAR2003,TC2L,V Vijayakumar Vengadasalam
CSE6324,Software Verification And Validation,Lecture,TC1L,Tuesday,2:00 PM,4:00 PM,CQAR1009,"TT1L, TT2L, TT3L",Venushini Rajendran
CSE6324,Software Verification And Validation,Tutorial,TT1L,Monday,4:00 PM,6:00 PM,CQAR2007,TC1L,Venushini Rajendran
CSE6324,Software Verification And Validation,Tutorial,TT2L,Tuesday,8:00 AM,10:00 AM,CQAR2007,TC1L,Venushini Rajendran
CSE6324,Software Verification And Validation,Tutorial,TT3L,Wednesday,8:00 AM,10:00 AM,CQAR2007,TC1L,Venushini Rajendran
CSE6324,Software Verification And Validation,Lecture,TC2L,Wednesday,10:00 AM,12:00 PM,CQCR2002,"TT4L, TT5L",Venushini Rajendran
CSE6324,Software Verification And Validation,Tutorial,TT4L,Wednesday,4:00 PM,6:00 PM,CQAR2007,TC2L,Kanesaraj Rajasamy
CSE6324,Software Verification And Validation,Tutorial,TT5L,Thursday,2:00 PM,4:00 PM,CQAR2007,TC2L,Kanesaraj Rajasamy
CGD6324,3D Game Programming,Lecture,TC1L,Wednesday,12:00 PM,2:00 PM,CQCR2002,"TT1L, TT2L",Mohamad Zul Hisham Mohd Rozami
CGD6324,3D Game Programming,Tutorial,TT1L,Friday,3:00 PM,5:00 PM,CQAR1001,TC1L,Mohamad Zul Hisham Mohd Rozami
CGD6324,3D Game Programming,Tutorial,TT2L,Monday,8:00 AM,10:00 AM,CQAR1003,TC1L,Mohamad Zul Hisham Mohd Rozami
CDS6324,Data Visualization,Lecture,TC1L,Thursday,2:00 PM,4:00 PM,CNMX1004,"TT1L, TT2L, TT3L, TT4L",Wong Lai Kuan
CDS6324,Data Visualization,Tutorial,TT1L,Friday,8:00 AM,10:00 AM,CQAR3007,TC1L,Wong Lai Kuan
CDS6324,Data Visualization,Tutorial,TT2L,Wednesday,4:00 PM,6:00 PM,CQAR3007,TC1L,Wong Lai Kuan
CDS6324,Data Visualization,Tutorial,TT3L,Tuesday,4:00 PM,6:00 PM,CQAR2005,TC1L,Wong Lai Kuan
CDS6324,Data Visualization,Tutorial,TT4L,Wednesday,4:00 PM,6:00 PM,CQAR2005,TC1L,Wong Lai Kuan
CDS6324,Data Visualization,Lecture,TC2L,Friday,10:00 AM,12:00 PM,CNMX1004,"TT5L, TT6L, TT7L, TT8L",Loh Yuen Peng
CDS6324,Data Visualization,Tutorial,TT5L,Monday,4:00 PM,6:00 PM,CQAR2005,TC2L,Loh Yuen Peng
CDS6324,Data Visualization,Tutorial,TT6L,Tuesday,10:00 AM,12:00 PM,CQAR3002,TC2L,Loh Yuen Peng
CDS6324,Data Visualization,Tutorial,TT7L,Monday,4:00 PM,6:00 PM,CQAR2003,TC2L,Loh Yuen Peng
CDS6324,Data Visualization,Tutorial,TT8L,Friday,3:00 PM,5:00 PM,CQAR2002,TC2L,Loh Yuen Peng
CCS6324,Ethical Hacking and Penetration Testing,Lecture,TC1L,Thursday,8:00 AM,10:00 AM,CNMX1004,"TT1L, TT2L, TT3L, TT4L",Rohana Mydin
CCS6324,Ethical Hacking and Penetration Testing,Tutorial,TT1L,Tuesday,10:00 AM,12:00 PM,CQAR2002,TC1L,Rohana Mydin
CCS6324,Ethical Hacking and Penetration Testing,Tutorial,TT2L,Friday,3:00 PM,5:00 PM,CQAR2006,TC1L,Rohana Mydin
CCS6324,Ethical Hacking and Penetration Testing,Tutorial,TT3L,Monday,12:00 PM,2:00 PM,CQAR2006,TC1L,Rohana Mydin
CCS6324,Ethical Hacking and Penetration Testing,Tutorial,TT4L,Tuesday,8:00 AM,10:00 AM,CQAR3007,TC1L,Nik Intan Syahiddatul Nur Jailani
CCS6324,Ethical Hacking and Penetration Testing,Lecture,TC2L,Friday,8:00 AM,10:00 AM,CNMX1004,"TT5L, TT6L, TT7L, TT8L",Rohana Mydin
CCS6324,Ethical Hacking and Penetration Testing,Tutorial,TT5L,Friday,10:00 AM,12:00 PM,CQAR3007,TC2L,Nik Intan Syahiddatul Nur Jailani
CCS6324,Ethical Hacking and Penetration Testing,Tutorial,TT6L,Friday,3:00 PM,5:00 PM,CQAR3007,TC2L,Nik Intan Syahiddatul Nur Jailani
CCS6324,Ethical Hacking and Penetration Testing,Tutorial,TT7L,Thursday,4:00 PM,6:00 PM,CQAR3007,TC2L,Nik Intan Syahiddatul Nur Jailani
CCS6324,Ethical Hacking and Penetration Testing,Tutorial,TT8L,Tuesday,2:00 PM,4:00 PM,CQAR3007,TC2L,Nik Intan Syahiddatul Nur Jailani
CSE6344,Theory of Computation,Lecture,TC1L,Wednesday,2:00 PM,4:00 PM,CNMX1004,"TT1L, TT2L, TT3L, TT4L",Arselan Ashraf
CSE6344,Theory of Computation,Tutorial,TT1L,Tuesday,8:00 AM,10:00 AM,CQAR2004,TC1L,Arselan Ashraf
CSE6344,Theory of Computation,Tutorial,TT2L,Friday,3:00 PM,5:00 PM,CQAR2004,TC1L,Arselan Ashraf
CSE6344,Theory of Computation,Tutorial,TT3L,Monday,12:00 PM,2:00 PM,CQAR2004,TC1L,Arselan Ashraf
CSE6344,Theory of Computation,Tutorial,TT4L,Monday,8:00 AM,10:00 AM,CQAR2007,TC1L,Arselan Ashraf
CSE6364,Software Evolution and Maintenance,Lecture,TC1L,Monday,5:00 PM,7:00 PM,CNMX1004,"TT1L, TT2L, TT3L, TT4L",Zuriani Hayati Abdullah
CSE6364,Software Evolution and Maintenance,Tutorial,TT1L,Wednesday,2:00 PM,4:00 PM,CQAR2003,TC1L,Zuriani Hayati Abdullah
CSE6364,Software Evolution and Maintenance,Tutorial,TT2L,Monday,2:00 PM,4:00 PM,CQAR2007,TC1L,Zuriani Hayati Abdullah
CSE6364,Software Evolution and Maintenance,Tutorial,TT3L,Thursday,4:00 PM,6:00 PM,CQAR3003,TC1L,Zuriani Hayati Abdullah
CSE6364,Software Evolution and Maintenance,Tutorial,TT4L,Friday,5:00 PM,7:00 PM,CQAR2007,TC1L,Zuriani Hayati Abdullah
CGD6344,Game Productions,Lecture,TC1L,Tuesday,2:00 PM,4:00 PM,CQCR2002,"TT1L, TT2L",Muhammad Irfan Hadi Abdul Hadi
CGD6344,Game Productions,Tutorial,TT1L,Tuesday,4:00 PM,6:00 PM,CQAR3006,TC1L,Muhammad Irfan Hadi Abdul Hadi
CGD6344,Game Productions,Tutorial,TT2L,Tuesday,8:00 AM,10:00 AM,CQAR2002,TC1L,Muhammad Irfan Hadi Abdul Hadi
CGD6334,Game Physics,Lecture,TC1L,Wednesday,2:00 PM,4:00 PM,CQCR2002,"TT1L, TT2L",Ban Kar Weng
CGD6334,Game Physics,Tutorial,TT1L,Monday,8:00 AM,10:00 AM,CQAR2003,TC1L,Ban Kar Weng
CGD6334,Game Physics,Tutorial,TT2L,Monday,2:00 PM,4:00 PM,CQAR2002,TC1L,Ban Kar Weng
CDS6354,Machine Learning,Lecture,TC1L,Friday,8:00 AM,10:00 AM,CNMX1005,"TT1L, TT2L, TT3L, TT4L",Prabha Kumaresan
CDS6354,Machine Learning,Tutorial,TT1L,Monday,8:00 AM,10:00 AM,CQAR3007,TC1L,Prabha Kumaresan
CDS6354,Machine Learning,Tutorial,TT2L,Tuesday,8:00 AM,10:00 AM,CQAR2005,TC1L,Prabha Kumaresan
CDS6354,Machine Learning,Tutorial,TT3L,Thursday,12:00 PM,2:00 PM,CQAR2005,TC1L,Prabha Kumaresan
CDS6354,Machine Learning,Tutorial,TT4L,Wednesday,8:00 AM,10:00 AM,CQAR3003,TC1L,Prabha Kumaresan
CDS6354,Machine Learning,Lecture,TC2L,Thursday,4:00 PM,6:00 PM,CNMX1005,"TT5L, TT6L, TT7L, TT8L",Prabha Kumaresan
CDS6354,Machine Learning,Tutorial,TT5L,Tuesday,12:00 PM,2:00 PM,CQAR3002,TC2L,Prabha Kumaresan
CDS6354,Machine Learning,Tutorial,TT6L,Wednesday,10:00 AM,12:00 PM,CQAR2005,TC2L,Prabha Kumaresan
CDS6354,Machine Learning,Tutorial,TT7L,Tuesday,2:00 PM,4:00 PM,CQAR2004,TC2L,Prabha Kumaresan
CDS6354,Machine Learning,Tutorial,TT8L,Monday,4:00 PM,6:00 PM,CQAR2002,TC2L,Prabha Kumaresan
CDS6334,Visual Information Processing,Lecture,TC1L,Wednesday,10:00 AM,12:00 PM,CNMX1004,"TT1L, TT2L, TT3L, TT4L",Syuhada Abdul Rahman
CDS6334,Visual Information Processing,Tutorial,TT1L,Tuesday,10:00 AM,12:00 PM,CQAR3003,TC1L,Syuhada Abdul Rahman
CDS6334,Visual Information Processing,Tutorial,TT2L,Tuesday,12:00 PM,2:00 PM,CQAR3003,TC1L,Syuhada Abdul Rahman
CDS6334,Visual Information Processing,Tutorial,TT3L,Wednesday,12:00 PM,2:00 PM,CQAR3003,TC1L,Syuhada Abdul Rahman
CDS6334,Visual Information Processing,Tutorial,TT4L,Tuesday,2:00 PM,4:00 PM,CQAR3003,TC1L,Syuhada Abdul Rahman
CDS6334,Visual Information Processing,Lecture,TC2L,Monday,10:00 AM,12:00 PM,CQCR2003,"TT5L, TT6L",Amirul Azuani Romle
CDS6334,Visual Information Processing,Tutorial,TT5L,Thursday,8:00 AM,10:00 AM,CQAR3003,TC2L,Amirul Azuani Romle
CDS6334,Visual Information Processing,Tutorial,TT6L,Thursday,12:00 PM,2:00 PM,CQAR3003,TC2L,Amirul Azuani Romle
CDS6344,Social Media Computing,Lecture,TC1L,Thursday,4:00 PM,6:00 PM,CNMX1004,"TT1L, TT2L, TT3L, TT4L",Mohammad Shadab Khan
CDS6344,Social Media Computing,Tutorial,TT1L,Friday,3:00 PM,5:00 PM,CQAR2007,TC1L,Mohammad Shadab Khan
CDS6344,Social Media Computing,Tutorial,TT2L,Wednesday,10:00 AM,12:00 PM,CQAR0006,TC1L,Amirul Azuani Romle
CDS6344,Social Media Computing,Tutorial,TT3L,Wednesday,12:00 PM,2:00 PM,CQAR0006,TC1L,Amirul Azuani Romle
CDS6344,Social Media Computing,Tutorial,TT4L,Monday,8:00 AM,10:00 AM,CQAR0006,TC1L,Amirul Azuani Romle
CDS6344,Social Media Computing,Lecture,TC2L,Tuesday,10:00 AM,12:00 PM,CQCR2003,"TT5L, TT6L",Mohammad Shadab Khan
CDS6344,Social Media Computing,Tutorial,TT5L,Wednesday,4:00 PM,6:00 PM,CQAR0006,TC2L,Mohammad Shadab Khan
CDS6344,Social Media Computing,Tutorial,TT6L,Friday,8:00 AM,10:00 AM,CQAR0006,TC2L,Amirul Azuani Romle
CCS6344,Database and Cloud Security,Lecture,TC1L,Wednesday,4:00 PM,6:00 PM,CNMX1004,"TT1L, TT2L, TT3L, TT4L",Navaneethan
CCS6344,Database and Cloud Security,Tutorial,TT1L,Wednesday,12:00 PM,2:00 PM,CQAR2002,TC1L,Navaneethan
CCS6344,Database and Cloud Security,Tutorial,TT2L,Wednesday,10:00 AM,12:00 PM,CQAR2002,TC1L,Navaneethan
CCS6344,Database and Cloud Security,Tutorial,TT3L,Monday,4:00 PM,6:00 PM,CQAR2006,TC1L,Navaneethan
CCS6344,Database and Cloud Security,Tutorial,TT4L,Friday,3:00 PM,5:00 PM,CQAR3006,TC1L,Nor Idayu Ahmad Azami
CCS6344,Database and Cloud Security,Lecture,TC2L,Tuesday,8:00 AM,10:00 AM,CQCR2002,"TT5L, TT6L",Navaneethan
CCS6344,Database and Cloud Security,Tutorial,TT5L,Monday,2:00 PM,4:00 PM,CQAR1003,TC2L,Navaneethan
CCS6344,Database and Cloud Security,Tutorial,TT6L,Monday,10:00 AM,12:00 PM,CQAR3007,TC2L,Nor Idayu Ahmad Azami
CCS6354,Blockchain and Smart Contracts,Lecture,TC1L,Thursday,12:00 PM,2:00 PM,CNMX1004,"TT1L, TT2L, TT3L, TT4L",Uzma Jafar
CCS6354,Blockchain and Smart Contracts,Tutorial,TT1L,Monday,10:00 AM,12:00 PM,CQAR2002,TC1L,Alaa Haddad
CCS6354,Blockchain and Smart Contracts,Tutorial,TT2L,Thursday,4:00 PM,6:00 PM,CQAR2006,TC1L,Alaa Haddad
CCS6354,Blockchain and Smart Contracts,Tutorial,TT3L,Wednesday,10:00 AM,12:00 PM,CQAR2006,TC1L,Alaa Haddad
CCS6354,Blockchain and Smart Contracts,Tutorial,TT4L,Tuesday,4:00 PM,6:00 PM,CQAR3007,TC1L,Alaa Haddad
CCS6354,Blockchain and Smart Contracts,Lecture,TC2L,Friday,10:00 AM,12:00 PM,CQAR1009,"TT5L, TT6L, TT7L",
CCS6354,Blockchain and Smart Contracts,Tutorial,TT5L,Monday,4:00 PM,6:00 PM,CQAR3007,TC2L,
CCS6354,Blockchain and Smart Contracts,Tutorial,TT6L,Monday,12:00 PM,2:00 PM,CQAR2002,TC2L,
CCS6354,Blockchain and Smart Contracts,Tutorial,TT7L,Tuesday,10:00 AM,12:00 PM,CQAR3007,TC2L,
CDS6314,Data Mining,Lecture,TC1L,Monday,12:00 PM,2:00 PM,CQCR2004,"TT1L, TT2L",Neoh Hoo Thye
CDS6314,Data Mining,Tutorial,TT1L,Wednesday,12:00 PM,2:00 PM,CQAR3006,TC1L,Neoh Hoo Thye
CDS6314,Data Mining,Tutorial,TT2L,Monday,8:00 AM,10:00 AM,CQAR2004,TC1L,Neoh Hoo Thye
CCS6314,Cryptography and Data Security,Lecture,TC1L,Thursday,10:00 AM,12:00 PM,CNMX1005,"TT1L, TT2L, TT3L",V Vijayakumar Vengadasalam
CCS6314,Cryptography and Data Security,Tutorial,TT1L,Monday,2:00 PM,4:00 PM,CQAR1001,TC1L,V Vijayakumar Vengadasalam
CCS6314,Cryptography and Data Security,Tutorial,TT2L,Monday,8:00 AM,10:00 AM,CQAR1001,TC1L,V Vijayakumar Vengadasalam
CCS6314,Cryptography and Data Security,Tutorial,TT3L,Thursday,4:00 PM,6:00 PM,CQAR1001,TC1L,V Vijayakumar Vengadasalam
CIT6334,Information Technology Auditing,Lecture,TC1L,Friday,10:00 AM,12:00 PM,CQCR2004,TT1L,Mohamad Firdaus Mat Saad
CIT6334,Information Technology Auditing,Tutorial,TT1L,Monday,2:00 PM,4:00 PM,CQAR3003,TC1L,Mohamad Firdaus Mat Saad
CIT6344,Mobile Application Development,Lecture,TC1L,Tuesday,2:00 PM,4:00 PM,CQCR2004,"TT1L, TT2L",Chai Ian
CIT6344,Mobile Application Development,Tutorial,TT1L,Monday,4:00 PM,6:00 PM,CQAR3002,TC1L,Chai Ian
CIT6344,Mobile Application Development,Tutorial,TT2L,Thursday,4:00 PM,6:00 PM,CQAR3006,TC1L,Chai Ian
CCS6334,Digital and Computer Forensics,Lecture,TC1L,Wednesday,4:00 PM,6:00 PM,CQCR2002,TT1L,Saiyid Abdullah Syahir Al-Edrus
CCS6334,Digital and Computer Forensics,Tutorial,TT1L,Wednesday,6:00 PM,8:00 PM,CQAR3007,TC1L,Saiyid Abdullah Syahir Al-Edrus